{
  "image_size": {
    "width": 1280,
    "height": 720
  },
  "board": {
    "rows": 6,
    "cols": 9,
    "square": 0.024
  },
  "reprojection_error": 0.32462332189558313,
  "per_view_errors": [
    0.020135998341938934,
    0.0242997444559591,
    0.024856903744912645,
    0.02930632318106599,
    0.021572789006961874,
    0.021873844386031033,
    0.02093824833330867,
    0.036073989954188784,
    0.026591338649410875,
    0.03067042787223482,
    0.025921967268449045,
    0.0273384868226564,
    0.024734250615112113,
    0.02565495519330479,
    0.022615702786453175,
    0.022456069789557703,
    0.023922336931204997,
    0.02308419065568282,
    0.024950261420052657,
    0.025812865546377014,
    0.028667835849627465,
    0.030935789747413595,
    0.02933050540979336,
    0.02995303825560263,
    0.025983639652575666,
    0.03715940169910043,
    0.02786770634388087,
    0.03810009180631746,
    0.037778350981471726,
    0.04839567848322886,
    0.04444373240278527,
    0.0461044879788111,
    0.08978751276299125,
    0.04529158290340915,
    0.042662360660989114,
    0.04856418666871967,
    0.06073116942529393,
    0.053822731012245044,
    0.036815986413406505,
    0.04151076610316026,
    0.04205128160859684,
    0.0446992141904575,
    0.03508957374835513,
    0.046982429059752535,
    0.03693771045814111,
    0.054322261863033225,
    0.06613701562591842,
    0.06441507106206737,
    0.06766342629626042,
    0.06521725139449258,
    0.036338666394363256,
    0.030137436639719996,
    0.027131962016725297,
    0.026238526808828114,
    0.022931432604367072,
    0.035179588013759006,
    0.030108388099744296,
    0.024991046933778554,
    0.027005802561672843,
    0.0308762860742148,
    0.02418957475593002,
    0.024495221061139764,
    0.026389924055049394,
    0.02822849281192446,
    0.03224033129147505,
    0.04245927103668525,
    0.03968647314881887,
    0.03864121200921425,
    0.04039233674459307,
    0.03585667410188264,
    0.0346362930574224,
    0.03498820031469656,
    0.03293582623692804,
    0.03564274136019117,
    0.031451592847059506,
    0.031480245915694,
    0.03387058309839596,
    0.03734270084858216,
    0.041094584385081685,
    0.03589179172158958,
    0.035339953577773905,
    0.034812733267982864,
    0.03314547274826334,
    0.026452470301607658,
    0.02906632819108499,
    0.027063113672740145,
    0.02545144020282149,
    0.029910968391484577,
    0.035774682916235326,
    0.03108084506159443,
    0.0288714949739783,
    0.034880712055969244,
    0.02781524016404442,
    0.028690584951406035,
    0.025675626482283227,
    0.028734469962329617,
    0.03558946330849842,
    0.035542674652755686,
    0.03582096218422093,
    0.03513865733361009,
    0.037907527157503555,
    0.04357933712678129,
    0.03586347540530891,
    0.03316591432559029,
    0.03761058615975666,
    0.03381134559292128,
    0.039543065070767665,
    0.05489294581781539,
    0.07417509245575049,
    0.04789955475110422,
    0.0735119401163688,
    0.03302001746618761,
    0.046774919084332525,
    0.0385807778319767,
    0.04408096683896587,
    0.041863110513342676,
    0.04157193524352216,
    0.05764760192659712,
    0.04001060388335514,
    0.047506918727445106,
    0.04970773193896672,
    0.048890973514744994,
    0.044717210989920715,
    0.040683426498418565,
    0.04344596635075724,
    0.036810520771153904,
    0.05520791017570027,
    0.07733501490623472,
    0.040055785582021296,
    0.04046037378151602,
    0.05823953782514408,
    0.049697220216989066,
    0.06683326531696221,
    0.04886087257437199,
    0.046300503473865745,
    0.03857702817804899,
    0.05790162832936946,
    0.06429492029814718,
    0.06977775840719636,
    0.06318546801562697,
    0.058961417150028395,
    0.038960329457443155,
    0.04055376544752841,
    0.04131143893657353,
    0.049058862064195706,
    0.04909658640925404,
    0.07325927825936546,
    0.09042705679552782,
    0.08017188527818898,
    0.07032829322522628,
    0.0655675620186704,
    0.04704904966712377,
    0.06328449383570528,
    0.05206645984800512,
    0.04931218264505737,
    0.056436259120673675,
    0.06149776889517948,
    0.0666846474873948,
    0.06547717441287465,
    0.07943778409094272,
    0.04557973982575352,
    0.04630682874330242,
    0.04749731128088404,
    0.047682057017501,
    0.0558346623486661,
    0.0610858623888701,
    0.03929911406296118,
    0.05016794930957067,
    0.04522855705469217,
    0.03536452777718521,
    0.04691989179935819,
    0.044450028001145905,
    0.03651505960222762,
    0.03925885523088848
  ],
  "K": [
    [
      482.96085150069166,
      0.0,
      639.6116180507627
    ],
    [
      0.0,
      483.33857180560716,
      361.990139660688
    ],
    [
      0.0,
      0.0,
      1.0
    ]
  ],
  "dist": [
    -0.4727155650721378,
    1.8454423337689696,
    0.0,
    0.0,
    0.0654401830903181,
    -0.32056951439262515,
    1.7659436722817459,
    0.3094543185143269,
    0.0,
    0.0,
    0.0,
    0.0,
    0.0,
    0.0
  ]
}