{
  "camera1": {
    "camera_matrix": [
      [
        388.3710153548323,
        0.0,
        315.300350642601
      ],
      [
        0.0,
        388.67739873065983,
        237.25938766872784
      ],
      [
        0.0,
        0.0,
        1.0
      ]
    ],
    "dist_coeffs": [
      [
        -0.05509375878610779,
        0.07076942661464879,
        -0.0002750796365629242,
        0.0006891355023975565,
        -0.031151795241394234
      ]
    ]
  },
  "camera2": {
    "camera_matrix": [
      [
        395.8591231413795,
        0.0,
        320.1852274866602
      ],
      [
        0.0,
        396.1006275078747,
        235.23757108375358
      ],
      [
        0.0,
        0.0,
        1.0
      ]
    ],
    "dist_coeffs": [
      [
        -0.05808244484953368,
        0.0642690860838444,
        -0.0010028315377674144,
        0.00039869767846978046,
        -0.019318208374211606
      ]
    ]
  },

  "camera3": {
    "camera_matrix": [
      [
        506.9002999105999,
          0.0,
          319.6673629419741
        ],
        [
          0.0,
          505.6598920874213,
          242.19167064002707
        ],
        [
          0.0,
          0.0,
          1.0
        ]
      ],
      "dist_coeffs": [
        [
          0.20352966616730084,
          -0.5632153080877794,
          2.2743427201812532e-05,
          -0.001960466489080944,
          0.5019903462237808
        ]
      ]
    }
}